cia1,cia2,cia3,Finalmarks
95,90,92,93.26727051292605
65,86,90,80.66536750333839
55,82,86,74.78554103477978
84,73,89,83.8768697816096
86,71,96,86.12422763505708
66,86,94,82.1995776833077
77,94,76,83.07354961757395
36,93,76,67.83076563314462
76,76,86,80.87086129799204
82,81,76,81.46270989244991
