experience,test_score,interview_score,salary$
5,8,7,62004.36681222707
6,5,5,54869.72343522561
2,7,9,56130.27656477438
3,6,6,50481.804949053854
8,9,8,74494.17758369722
2,7,7,51719.7962154294
4,5,6,51449.053857350795
7,9,7,69475.98253275108
